{"AM":{"ozone":{"measurements":[72.44592285,70.66100311333334,68.24101511333333,66.84992218333333,65.32663091,66.61283620333334,-64.44329579666667,73.64841715333334,-999,-999,-999,-999,-999,-999,-999,-999,-999,-999,-999,-999,-999,-999,-999,-999],"scaledMeasurements":[19.721990999654206,19.68327380259166,19.629991557953172,19.598934816217927,19.56455369373036,19.59360965091213,13.652728174345327,19.747806295597492,5,5,5,5,5,5,5,5,5,5,5,5,5,5,5,5]},"pm10":{"measurements":[13.29303169,13.83181858,14.23210526,14.6532402,16.94785309,19.60354805,18.72299957,14.31079292,15.90070915,14.53108215,10.35276985,10.55671692,9.47431374,-999,-999,-999,-999,-999,-999,-999,-999,-999,-999,-999],"scaledMeasurements":[17.936512698538035,17.96335760312949,17.982964780847254,18.003297765364596,18.10928468406995,18.22334128357668,18.186431697051223,17.98678655577444,18.061870259276343,17.997430235162096,17.779309863569082,17.79088318584038,17.728105804360833,5,5,5,5,5,5,5,5,5,5,5]}},"LF":{"ozone":{"measurements":[-333,78.51779175,70.63017273,66.99415588,63.06760788,51.69532776,50.39552307,65.46937561,-999,-999,-999,-999,-999,-999,-999,-999,-999,-999,-999,-999,-999,-999,-999,-999],"scaledMeasurements":[9.902136912748766,19.850247997664564,19.68260078176231,19.602169816442707,19.512820201617608,19.237023626912215,19.203642531324196,19.567792387700184,5,5,5,5,5,5,5,5,5,5,5,5,5,5,5,5]},"pm10":{"measurements":[],"scaledMeasurements":[]}},"BN":{"ozone":{"measurements":[75.6015625,75.54714012,74.73810577,71.624881745,66.85049057,64.496162415,68.63936615,70.53673935,-999,-999,-999,-999,-999,-999,-999,-999,-999,-999,-999,-999,-999,-999,-999,-999],"scaledMeasurements":[19.789291555792097,19.788142919792357,19.771018437160997,19.704241514078795,19.59894757133959,19.545640842505197,19.638826483750503,19.680560252983867,5,5,5,5,5,5,5,5,5,5,5,5,5,5,5,5]},"pm10":{"measurements":[9.95944595,10.22264099,10.65552998,11.41222954,12.07973671,11.73246002,10.38259506,12.26774406,10.92999458,9.76950741,8.88634109,9.65318489,9.38399124,-999,-999,-999,-999,-999,-999,-999,-999,-999,-999,-999],"scaledMeasurements":[17.756663465232027,17.77186582462253,17.79645028924129,17.83825404639745,17.873993441006476,17.855526517606727,17.781009417221366,17.883880295604374,17.811779539331877,17.745567292668355,17.69249548794044,17.738718435136,17.722708797557424,5,5,5,5,5,5,5,5,5,5,5]}},"ME":{"ozone":{"measurements":[47.587545395,43.791942594999995,42.94145584,42.827867510000004,38.453451154999996,41.463665004999996,61.203603745,70.348773955,-999,-999,-999,-999,-999,-999,-999,-999,-999,-999,-999,-999,-999,-999,-999,-999],"scaledMeasurements":[19.13002693602506,19.02697474789573,19.003278112262254,19.000095564605218,18.874148151533117,18.96153812503988,19.469431074052803,19.676451103627826,5,5,5,5,5,5,5,5,5,5,5,5,5,5,5,5]},"pm10":{"measurements":[],"scaledMeasurements":[]}},"GF":{"ozone":{"measurements":[62.40643311,58.12051392,27.50988007,41.82298279,44.80201721,46.67499924,56.26808167,63.78874207,-999,-999,-999,-999,-999,-999,-999,-999,-999,-999,-999,-999,-999,-999,-999,-999],"scaledMeasurements":[19.49750411070226,19.396188194388422,18.52329552760716,18.97175455426913,19.054820923321042,19.105637742168543,19.351244133994385,19.529433996076396,5,5,5,5,5,5,5,5,5,5,5,5,5,5,5,5]},"pm10":{"measurements":[10.51119328,10.58577538,10.67633915,11.4554987,11.60196877,11.60015774,11.47977066,17.20666122,10.92806244,10.60735035,8.96458721,8.68955803,11.7664299,-999,-999,-999,-999,-999,-999,-999,-999,-999,-999,-999],"scaledMeasurements":[17.78830962996139,17.792523026703464,17.797619377913417,17.840601917471115,17.84851694401055,17.848419384671907,17.841917021426433,18.12077584939587,17.81167230350309,17.793739100267047,17.697301009715673,17.68031561276831,17.857344867898913,5,5,5,5,5,5,5,5,5,5,5]}},"BL":{"ozone":{"measurements":[64.92472648750001,60.5882720975,57.348342894999995,-47.38273525,-53.443787572500014,43.3918685925,56.36373806,67.123407365,-999,-999,-999,-999,-999,-999,-999,-999,-999,-999,-999,-999,-999,-999,-999,-999],"scaledMeasurements":[19.555415943752333,19.454963071523107,19.377541983418716,14.072587370636363,13.915889109888575,19.015856646071484,19.353582920468785,19.605065825146298,5,5,5,5,5,5,5,5,5,5,5,5,5,5,5,5]},"pm10":{"measurements":[11.080636660000001,11.391194026666668,12.644527116666668,13.895038923333333,14.973045350000001,14.454934753333333,12.98210843666667,13.565782543333333,13.09178257,11.60515086,11.107988676666666,9.295111976666666,8.854924519999999,-999,-999,-999,-999,-999,-999,-999,-999,-999,-999,-999],"scaledMeasurements":[17.8201113558137,17.83711100954754,17.903468932709302,17.966473003770954,18.018543918404635,17.993760216587905,17.920773037226816,17.950169072368617,17.926346297776124,17.84868834326844,17.821618071585508,17.71737261397411,17.690560074569493,5,5,5,5,5,5,5,5,5,5,5]}},"GD":{"ozone":{"measurements":[58.29550934,-333,45.38896561,37.83168793,38.83596802,50.70072174,69.90374756,76.03052521,-999,-999,-999,-999,-999,-999,-999,-999,-999,-999,-999,-999,-999,-999,-999,-999],"scaledMeasurements":[19.40039669624516,9.902136912748766,19.070858094338213,18.855676073067745,18.885438282858303,19.21151883980671,19.666700352413493,19.798330787425456,5,5,5,5,5,5,5,5,5,5,5,5,5,5,5,5]},"pm10":{"measurements":[10.76690197,12.46134663,14.64945698,15.22414684,15.70722771,17.84196472,14.35840988,13.42943954,11.52762699,7.39962673,6.67403984,7.26982021,7.30057144,-999,-999,-999,-999,-999,-999,-999,-999,-999,-999,-999],"scaledMeasurements":[17.802694106142468,17.89398253067204,18.003116416476463,18.03040097410302,18.052940281696312,18.148622353865964,17.989094158826493,17.943359844205624,17.84450590770613,17.596802157872634,17.546598271511964,17.588007863768528,17.590098286977145,5,5,5,5,5,5,5,5,5,5,5]}},"HO":{"ozone":{"measurements":[73.69680786,66.70881653,59.41632462,54.8576355,56.71305847,51.1234436,57.04618835,69.41158295,-999,-999,-999,-999,-999,-999,-999,-999,-999,-999,-999,-999,-999,-999,-999,-999],"scaledMeasurements":[19.748840725425282,19.595766595585452,19.42720294231159,19.316525304796826,19.362106947711123,19.222389034207477,19.370211477032484,19.655880565634543,5,5,5,5,5,5,5,5,5,5,5,5,5,5,5,5]},"pm10":{"measurements":[],"scaledMeasurements":[]}},"TU":{"ozone":{"measurements":[58.332027435,52.94749069,52.879795075000004,47.296216965,46.27277565,42.902644155,42.2615242,59.32678031499999,-999,-999,-999,-999,-999,-999,-999,-999,-999,-999,-999,-999,-999,-999,-999,-999],"scaledMeasurements":[19.401274130662763,19.268786589256955,19.26707905734308,19.122266349782848,19.09481203803319,19.00219115021322,18.98416425168166,19.42507067868554,5,5,5,5,5,5,5,5,5,5,5,5,5,5,5,5]},"pm10":{"measurements":[11.427283923333334,12.327341080000002,14.591348966666667,15.546938896666665,15.69424057,15.678515116666665,13.301229473333334,13.864421846666668,12.55640316,10.504042626666667,10.169216153333332,8.779786426666666,9.492063523333334,-999,-999,-999,-999,-999,-999,-999,-999,-999,-999,-999],"scaledMeasurements":[17.839071431405355,17.886998523095016,18.000328057590423,18.045500541358457,18.0523389063061,18.05161039893229,17.936925184881144,17.96496512865983,17.898913879404425,17.7879048810464,17.768795938372538,17.68591723068065,17.729163371649058,5,5,5,5,5,5,5,5,5,5,5]}},"KS":{"ozone":{"measurements":[48.65194321,48.27660751,34.79059601,41.90679169,40.10115433,40.88923645,53.5163269,66.89498901,-999,-999,-999,-999,-999,-999,-999,-999,-999,-999,-999,-999,-999,-999,-999,-999],"scaledMeasurements":[19.15818099783403,19.148288591961695,18.763057741949705,18.974131161051176,18.922390022042514,18.94511308989576,19.28309181990056,19.59994598918251,5,5,5,5,5,5,5,5,5,5,5,5,5,5,5,5]},"pm10":{"measurements":[9.87310982,10.80817986,10.14967918,8.09208679,6.6455822,14.74820518,15.85799694,11.66554737,13.77143097,13.99532032,15.20696068,12.3183403,10.0267601,-999,-999,-999,-999,-999,-999,-999,-999,-999,-999,-999],